00:25:20,user10,ALL,Broadcast,Hello everyone
00:26:16,user1,user5,Private,hi buddy
00:26:40,user2,user5,Private,hi buddy
00:26:46,user3,ALL,Broadcast,hioi
00:26:54,user3,user2,Private,hi buddy
01:00:00,user8,ALL,Broadcast,Performance looks good.
01:00:22,user3,ALL,Broadcast,Server is running smoothly.
01:00:44,user4,ALL,Broadcast,Ready for the final demo.
01:01:06,user3,ALL,Broadcast,Has anyone finished the assignment?
01:01:28,user2,ALL,Broadcast,Good morning everyone!
01:01:50,user10,ALL,Broadcast,Wireshark capture completed.
01:02:12,user4,ALL,Broadcast,Ready for the final demo.
01:02:34,user3,ALL,Broadcast,Wireshark capture completed.
01:02:56,user1,ALL,Broadcast,Has anyone finished the assignment?
01:03:18,user4,ALL,Broadcast,Good morning everyone!
01:03:40,user9,ALL,Broadcast,Ready for the final demo.
01:04:02,user10,ALL,Broadcast,Wireshark capture completed.
01:04:24,user3,user10,Private,Can you review my code?
01:04:46,user1,ALL,Broadcast,Good morning everyone!
01:05:08,user7,ALL,Broadcast,Testing broadcast feature.
01:05:30,user3,ALL,Broadcast,Testing broadcast feature.
01:05:52,user9,ALL,Broadcast,Ready for the final demo.
01:06:14,user2,ALL,Broadcast,Server is running smoothly.
01:06:36,user10,ALL,Broadcast,Has anyone finished the assignment?
01:06:58,user6,ALL,Broadcast,Wireshark capture completed.
01:07:20,user5,ALL,Broadcast,Has anyone finished the assignment?
01:07:42,user6,user5,Private,Screenshot taken.
01:08:04,user5,ALL,Broadcast,Please check the report draft.
01:08:26,user2,ALL,Broadcast,Please check the report draft.
01:08:48,user4,ALL,Broadcast,Has anyone finished the assignment?
01:09:10,user3,ALL,Broadcast,Has anyone finished the assignment?
01:09:32,user10,ALL,Broadcast,Server is running smoothly.
01:09:54,user8,user5,Private,Can you review my code?
01:10:16,user7,ALL,Broadcast,Ready for the final demo.
01:10:38,user2,ALL,Broadcast,Ready for the final demo.
01:11:00,user2,user10,Private,Screenshot taken.
01:11:22,user9,ALL,Broadcast,Ready for the final demo.
01:11:44,user2,ALL,Broadcast,Thanks everyone!
01:12:06,user2,ALL,Broadcast,Let's start the scalability test.
01:12:28,user8,ALL,Broadcast,Server is running smoothly.
01:12:50,user7,user9,Private,Screenshot taken.
01:13:12,user9,user6,Private,Check the latest commit.
01:13:34,user10,user7,Private,Looks good to me.
01:13:56,user1,ALL,Broadcast,Performance looks good.
01:14:18,user9,ALL,Broadcast,Performance looks good.
01:14:40,user2,ALL,Broadcast,Server is running smoothly.
01:15:02,user10,ALL,Broadcast,Server is running smoothly.
01:15:24,user3,ALL,Broadcast,Testing broadcast feature.
01:15:46,user4,user3,Private,Check the latest commit.
01:16:08,user4,user10,Private,Please send the report.
01:16:30,user10,ALL,Broadcast,Has anyone finished the assignment?
01:16:52,user10,user7,Private,Check the latest commit.
01:17:14,user9,ALL,Broadcast,Thanks everyone!
01:17:36,user1,user5,Private,Please send the report.
01:17:58,user10,ALL,Broadcast,Server is running smoothly.
01:18:20,user3,ALL,Broadcast,Let's start the scalability test.
01:18:42,user7,user4,Private,I'll join in 5 minutes.
01:19:04,user3,ALL,Broadcast,Performance looks good.
01:19:26,user10,ALL,Broadcast,Testing broadcast feature.
01:19:48,user2,user5,Private,Can you test reconnect?
01:20:10,user9,user2,Private,Everything is working now.
01:20:32,user10,ALL,Broadcast,Server is running smoothly.
01:20:54,user1,ALL,Broadcast,Good morning everyone!
01:21:16,user7,ALL,Broadcast,Thanks everyone!
01:21:38,user5,ALL,Broadcast,Performance looks good.
01:22:00,user2,ALL,Broadcast,Has anyone finished the assignment?
01:22:22,user2,user4,Private,Please send the report.
01:22:44,user2,user5,Private,Everything is working now.
01:23:06,user2,user10,Private,Screenshot taken.
01:23:28,user3,user5,Private,Let's meet after class.
01:23:50,user10,user8,Private,Please send the report.
01:24:12,user6,user7,Private,Looks good to me.
01:24:34,user3,ALL,Broadcast,Has anyone finished the assignment?
01:24:56,user10,ALL,Broadcast,Ready for the final demo.
01:25:18,user1,ALL,Broadcast,Good morning everyone!
01:25:40,user7,ALL,Broadcast,Ready for the final demo.
01:26:02,user5,ALL,Broadcast,Server is running smoothly.
01:26:24,user8,ALL,Broadcast,Performance looks good.
01:26:46,user4,ALL,Broadcast,Ready for the final demo.
01:27:08,user3,ALL,Broadcast,Wireshark capture completed.
01:27:30,user2,ALL,Broadcast,Testing broadcast feature.
01:27:52,user9,ALL,Broadcast,Thanks everyone!
01:28:14,user6,ALL,Broadcast,Good morning everyone!
01:28:36,user9,ALL,Broadcast,Thanks everyone!
01:28:58,user10,ALL,Broadcast,Wireshark capture completed.
01:29:20,user5,ALL,Broadcast,Ready for the final demo.
01:29:42,user6,user7,Private,Everything is working now.
01:30:04,user2,user3,Private,Can you test reconnect?
01:30:26,user10,user7,Private,Check the latest commit.
01:30:48,user7,user3,Private,Let's meet after class.
01:31:10,user2,ALL,Broadcast,Please check the report draft.
01:31:32,user2,user5,Private,Everything is working now.
01:31:54,user10,ALL,Broadcast,Ready for the final demo.
01:32:16,user3,ALL,Broadcast,Let's start the scalability test.
01:32:38,user10,user9,Private,Check the latest commit.
01:33:00,user1,ALL,Broadcast,Please check the report draft.
01:33:22,user9,ALL,Broadcast,Has anyone finished the assignment?
01:33:44,user10,ALL,Broadcast,Has anyone finished the assignment?
01:34:06,user5,ALL,Broadcast,Has anyone finished the assignment?
01:34:28,user6,ALL,Broadcast,Thanks everyone!
01:34:50,user8,ALL,Broadcast,Server is running smoothly.
01:35:12,user4,ALL,Broadcast,Ready for the final demo.
01:35:34,user5,user7,Private,Please send the report.
01:35:56,user6,ALL,Broadcast,Ready for the final demo.
01:36:18,user1,ALL,Broadcast,Server is running smoothly.
01:36:40,user4,ALL,Broadcast,Ready for the final demo.
01:37:02,user5,ALL,Broadcast,Let's start the scalability test.
01:37:24,user4,ALL,Broadcast,Please check the report draft.
01:37:46,user7,ALL,Broadcast,Performance looks good.
01:38:08,user8,ALL,Broadcast,Ready for the final demo.
01:38:30,user7,ALL,Broadcast,Please check the report draft.
01:38:52,user8,user4,Private,Can you test reconnect?
01:39:14,user10,ALL,Broadcast,Performance looks good.
01:39:36,user5,ALL,Broadcast,Good morning everyone!
01:39:58,user2,user6,Private,Can you test reconnect?
01:40:20,user9,ALL,Broadcast,Thanks everyone!
01:40:42,user1,ALL,Broadcast,Let's start the scalability test.
01:41:04,user10,ALL,Broadcast,Let's start the scalability test.
01:41:26,user3,ALL,Broadcast,Good morning everyone!
01:41:48,user4,ALL,Broadcast,Good morning everyone!
01:42:10,user10,ALL,Broadcast,Has anyone finished the assignment?
01:42:32,user9,ALL,Broadcast,Good morning everyone!
01:42:54,user8,ALL,Broadcast,Performance looks good.
01:43:16,user9,ALL,Broadcast,Has anyone finished the assignment?
01:43:38,user10,ALL,Broadcast,Let's start the scalability test.
01:44:00,user4,user7,Private,Please send the report.
01:44:22,user2,ALL,Broadcast,Performance looks good.
01:44:44,user8,user2,Private,Thanks for your help.
01:45:06,user2,ALL,Broadcast,Wireshark capture completed.
01:45:28,user4,ALL,Broadcast,Wireshark capture completed.
01:45:50,user2,ALL,Broadcast,Server is running smoothly.
01:46:12,user10,ALL,Broadcast,Let's start the scalability test.
01:46:34,user5,user6,Private,Looks good to me.
01:46:56,user1,ALL,Broadcast,Thanks everyone!
01:47:18,user2,ALL,Broadcast,Performance looks good.
01:47:40,user8,ALL,Broadcast,Good morning everyone!
01:48:02,user4,ALL,Broadcast,Performance looks good.
01:48:24,user4,user2,Private,Screenshot taken.
01:48:46,user3,user10,Private,Let's meet after class.
01:49:08,user1,ALL,Broadcast,Please check the report draft.
01:49:30,user8,user7,Private,Please send the report.
01:49:52,user5,ALL,Broadcast,Let's start the scalability test.
01:50:14,user8,user5,Private,Screenshot taken.
01:50:36,user10,ALL,Broadcast,Has anyone finished the assignment?
01:50:58,user9,ALL,Broadcast,Good morning everyone!
01:51:20,user5,ALL,Broadcast,Testing broadcast feature.
01:51:42,user5,ALL,Broadcast,Let's start the scalability test.
01:52:04,user2,ALL,Broadcast,Wireshark capture completed.
01:52:26,user4,user5,Private,Thanks for your help.
01:52:48,user7,user10,Private,Screenshot taken.
01:53:10,user3,user10,Private,Looks good to me.
01:53:32,user9,ALL,Broadcast,Testing broadcast feature.
01:53:54,user4,ALL,Broadcast,Testing broadcast feature.
01:54:16,user8,ALL,Broadcast,Testing broadcast feature.
01:54:38,user8,ALL,Broadcast,Let's start the scalability test.
01:55:00,user9,ALL,Broadcast,Has anyone finished the assignment?
01:55:22,user9,ALL,Broadcast,Let's start the scalability test.
01:55:44,user6,ALL,Broadcast,Server is running smoothly.
01:56:06,user9,ALL,Broadcast,Server is running smoothly.
01:56:28,user7,ALL,Broadcast,Good morning everyone!
01:56:50,user3,ALL,Broadcast,Server is running smoothly.
01:57:12,user6,ALL,Broadcast,Good morning everyone!
01:57:34,user2,user6,Private,Please send the report.
01:57:56,user3,ALL,Broadcast,Performance looks good.
01:58:18,user2,ALL,Broadcast,Server is running smoothly.
01:58:40,user3,ALL,Broadcast,Has anyone finished the assignment?
01:59:02,user10,user2,Private,Check the latest commit.
01:59:24,user5,ALL,Broadcast,Testing broadcast feature.
01:59:46,user2,user1,Private,I'll join in 5 minutes.
02:00:08,user10,user3,Private,Please send the report.
02:00:30,user6,ALL,Broadcast,Thanks everyone!
02:00:52,user3,ALL,Broadcast,Testing broadcast feature.
02:01:14,user7,ALL,Broadcast,Good morning everyone!
02:01:36,user9,ALL,Broadcast,Testing broadcast feature.
02:01:58,user1,ALL,Broadcast,Good morning everyone!
02:02:20,user4,ALL,Broadcast,Good morning everyone!
02:02:42,user6,ALL,Broadcast,Server is running smoothly.
02:03:04,user4,user1,Private,Thanks for your help.
02:03:26,user2,ALL,Broadcast,Has anyone finished the assignment?
02:03:48,user3,user4,Private,Can you review my code?
02:04:10,user1,user7,Private,Looks good to me.
02:04:32,user5,ALL,Broadcast,Performance looks good.
02:04:54,user1,ALL,Broadcast,Ready for the final demo.
02:05:16,user9,ALL,Broadcast,Testing broadcast feature.
02:05:38,user10,ALL,Broadcast,Performance looks good.
